{
    "model_name": "gb",
    "best_threshold": 0.7,
    "timestamp": "2024_12_18_16h20m45s",
    "metrics": {
        "max_profit": 0.000303951367781155,
        "profit_0.5": -0.009159067882472139,
        "profit_0.6": -0.0034042553191489357,
        "profit_0.7": 0.000303951367781155,
        "roc_auc": 0.6567414258135751,
        "precision": 0.5723913026022709,
        "recall": 0.21182343920087782,
        "f1": 0.30912966629014327,
        "accuracy": 0.693819655521783
    }
}